ERR10395086_assembly.fasta	senterica_achtman_2	10	aroC(5)	dnaN(2)	hemD(3)	hisD(6)	purE(5)	sucA(5)	thrA(10)
ERR10395089_assembly.fasta	senterica_achtman_2	10	aroC(5)	dnaN(2)	hemD(3)	hisD(6)	purE(5)	sucA(5)	thrA(10)
ERR10395090_assembly.fasta	senterica_achtman_2	10	aroC(5)	dnaN(2)	hemD(3)	hisD(6)	purE(5)	sucA(5)	thrA(10)
ERR10395091_assembly.fasta	senterica_achtman_2	10	aroC(5)	dnaN(2)	hemD(3)	hisD(6)	purE(5)	sucA(5)	thrA(10)
ERR10395096_assembly.fasta	senterica_achtman_2	10	aroC(5)	dnaN(2)	hemD(3)	hisD(6)	purE(5)	sucA(5)	thrA(10)
ERR10395099_assembly.fasta	senterica_achtman_2	10	aroC(5)	dnaN(2)	hemD(3)	hisD(6)	purE(5)	sucA(5)	thrA(10)
ERR10395102_assembly.fasta	senterica_achtman_2	10	aroC(5)	dnaN(2)	hemD(3)	hisD(6)	purE(5)	sucA(5)	thrA(10)
ERR10395107_assembly.fasta	senterica_achtman_2	10	aroC(5)	dnaN(2)	hemD(3)	hisD(6)	purE(5)	sucA(5)	thrA(10)
ERR10441490_assembly.fasta	senterica_achtman_2	10	aroC(5)	dnaN(2)	hemD(3)	hisD(6)	purE(5)	sucA(5)	thrA(10)
ERR10441525_assembly.fasta	senterica_achtman_2	10	aroC(5)	dnaN(2)	hemD(3)	hisD(6)	purE(5)	sucA(5)	thrA(10)
ERR11191889_assembly.fasta	senterica_achtman_2	10	aroC(5)	dnaN(2)	hemD(3)	hisD(6)	purE(5)	sucA(5)	thrA(10)
ERR11191894_assembly.fasta	senterica_achtman_2	10	aroC(5)	dnaN(2)	hemD(3)	hisD(6)	purE(5)	sucA(5)	thrA(10)
ERR11192043_assembly.fasta	senterica_achtman_2	10	aroC(5)	dnaN(2)	hemD(3)	hisD(6)	purE(5)	sucA(5)	thrA(10)
ERR11192044_assembly.fasta	senterica_achtman_2	10	aroC(5)	dnaN(2)	hemD(3)	hisD(6)	purE(5)	sucA(5)	thrA(10)
ERR11192068_assembly.fasta	senterica_achtman_2	10	aroC(5)	dnaN(2)	hemD(3)	hisD(6)	purE(5)	sucA(5)	thrA(10)
ERR11192071_assembly.fasta	senterica_achtman_2	10	aroC(5)	dnaN(2)	hemD(3)	hisD(6)	purE(5)	sucA(5)	thrA(10)
ERR11192077_assembly.fasta	senterica_achtman_2	10	aroC(5)	dnaN(2)	hemD(3)	hisD(6)	purE(5)	sucA(5)	thrA(10)
ERR11192081_assembly.fasta	senterica_achtman_2	10	aroC(5)	dnaN(2)	hemD(3)	hisD(6)	purE(5)	sucA(5)	thrA(10)
ERR11192375_assembly.fasta	senterica_achtman_2	10	aroC(5)	dnaN(2)	hemD(3)	hisD(6)	purE(5)	sucA(5)	thrA(10)
ERR11192379_assembly.fasta	senterica_achtman_2	10	aroC(5)	dnaN(2)	hemD(3)	hisD(6)	purE(5)	sucA(5)	thrA(10)
ERR11192399_assembly.fasta	senterica_achtman_2	10	aroC(5)	dnaN(2)	hemD(3)	hisD(6)	purE(5)	sucA(5)	thrA(10)
ERR11192417_assembly.fasta	senterica_achtman_2	10	aroC(5)	dnaN(2)	hemD(3)	hisD(6)	purE(5)	sucA(5)	thrA(10)
ERR11196271_assembly.fasta	senterica_achtman_2	10	aroC(5)	dnaN(2)	hemD(3)	hisD(6)	purE(5)	sucA(5)	thrA(10)
ERR11196301_assembly.fasta	senterica_achtman_2	10	aroC(5)	dnaN(2)	hemD(3)	hisD(6)	purE(5)	sucA(5)	thrA(10)
ERR11196304_assembly.fasta	senterica_achtman_2	10	aroC(5)	dnaN(2)	hemD(3)	hisD(6)	purE(5)	sucA(5)	thrA(10)
ERR11196399_assembly.fasta	senterica_achtman_2	10	aroC(5)	dnaN(2)	hemD(3)	hisD(6)	purE(5)	sucA(5)	thrA(10)
ERR11196450_assembly.fasta	senterica_achtman_2	10	aroC(5)	dnaN(2)	hemD(3)	hisD(6)	purE(5)	sucA(5)	thrA(10)
ERR11196507_assembly.fasta	senterica_achtman_2	10	aroC(5)	dnaN(2)	hemD(3)	hisD(6)	purE(5)	sucA(5)	thrA(10)
ERR11196515_assembly.fasta	senterica_achtman_2	10	aroC(5)	dnaN(2)	hemD(3)	hisD(6)	purE(5)	sucA(5)	thrA(10)
ERR11196531_assembly.fasta	senterica_achtman_2	10	aroC(5)	dnaN(2)	hemD(3)	hisD(6)	purE(5)	sucA(5)	thrA(10)
ERR11196540_assembly.fasta	senterica_achtman_2	10	aroC(5)	dnaN(2)	hemD(3)	hisD(6)	purE(5)	sucA(5)	thrA(10)
ERR11196560_assembly.fasta	senterica_achtman_2	10	aroC(5)	dnaN(2)	hemD(3)	hisD(6)	purE(5)	sucA(5)	thrA(10)
ERR11196585_assembly.fasta	senterica_achtman_2	10	aroC(5)	dnaN(2)	hemD(3)	hisD(6)	purE(5)	sucA(5)	thrA(10)
ERR11196597_assembly.fasta	senterica_achtman_2	10	aroC(5)	dnaN(2)	hemD(3)	hisD(6)	purE(5)	sucA(5)	thrA(10)
ERR11196708_assembly.fasta	senterica_achtman_2	10	aroC(5)	dnaN(2)	hemD(3)	hisD(6)	purE(5)	sucA(5)	thrA(10)
ERR11196829_assembly.fasta	senterica_achtman_2	10	aroC(5)	dnaN(2)	hemD(3)	hisD(6)	purE(5)	sucA(5)	thrA(10)
ERR11196865_assembly.fasta	senterica_achtman_2	10	aroC(5)	dnaN(2)	hemD(3)	hisD(6)	purE(5)	sucA(5)	thrA(10)
ERR11196902_assembly.fasta	senterica_achtman_2	10	aroC(5)	dnaN(2)	hemD(3)	hisD(6)	purE(5)	sucA(5)	thrA(10)
ERR11197013_assembly.fasta	senterica_achtman_2	10	aroC(5)	dnaN(2)	hemD(3)	hisD(6)	purE(5)	sucA(5)	thrA(10)
ERR14757536_assembly.fasta	senterica_achtman_2	10	aroC(5)	dnaN(2)	hemD(3)	hisD(6)	purE(5)	sucA(5)	thrA(10)
ERR8568688_assembly.fasta	senterica_achtman_2	10	aroC(5)	dnaN(2)	hemD(3)	hisD(6)	purE(5)	sucA(5)	thrA(10)
ERR8568689_assembly.fasta	senterica_achtman_2	1494	aroC(5)	dnaN(2)	hemD(3)	hisD(491)	purE(5)	sucA(5)	thrA(10)
ERR8568691_assembly.fasta	senterica_achtman_2	1494	aroC(5)	dnaN(2)	hemD(3)	hisD(491)	purE(5)	sucA(5)	thrA(10)
ERR8568692_assembly.fasta	senterica_achtman_2	1487	aroC(410)	dnaN(2)	hemD(3)	hisD(6)	purE(5)	sucA(5)	thrA(10)
ERR8568696_assembly.fasta	senterica_achtman_2	1487	aroC(410)	dnaN(2)	hemD(3)	hisD(6)	purE(5)	sucA(5)	thrA(10)
ERR8568698_assembly.fasta	senterica_achtman_2	10	aroC(5)	dnaN(2)	hemD(3)	hisD(6)	purE(5)	sucA(5)	thrA(10)
ERR8568699_assembly.fasta	senterica_achtman_2	1487	aroC(410)	dnaN(2)	hemD(3)	hisD(6)	purE(5)	sucA(5)	thrA(10)
ERR8568700_assembly.fasta	senterica_achtman_2	10	aroC(5)	dnaN(2)	hemD(3)	hisD(6)	purE(5)	sucA(5)	thrA(10)
ERR8568706_assembly.fasta	senterica_achtman_2	10	aroC(5)	dnaN(2)	hemD(3)	hisD(6)	purE(5)	sucA(5)	thrA(10)
ERR8568707_assembly.fasta	senterica_achtman_2	1487	aroC(410)	dnaN(2)	hemD(3)	hisD(6)	purE(5)	sucA(5)	thrA(10)
ERR8568710_assembly.fasta	senterica_achtman_2	1487	aroC(410)	dnaN(2)	hemD(3)	hisD(6)	purE(5)	sucA(5)	thrA(10)
ERR8568715_assembly.fasta	senterica_achtman_2	10	aroC(5)	dnaN(2)	hemD(3)	hisD(6)	purE(5)	sucA(5)	thrA(10)
ERR8568716_assembly.fasta	senterica_achtman_2	10	aroC(5)	dnaN(2)	hemD(3)	hisD(6)	purE(5)	sucA(5)	thrA(10)
ERR8568749_assembly.fasta	senterica_achtman_2	10	aroC(5)	dnaN(2)	hemD(3)	hisD(6)	purE(5)	sucA(5)	thrA(10)
ERR8568751_assembly.fasta	senterica_achtman_2	10	aroC(5)	dnaN(2)	hemD(3)	hisD(6)	purE(5)	sucA(5)	thrA(10)
ERR8568753_assembly.fasta	senterica_achtman_2	10	aroC(5)	dnaN(2)	hemD(3)	hisD(6)	purE(5)	sucA(5)	thrA(10)
ERR8568754_assembly.fasta	senterica_achtman_2	10	aroC(5)	dnaN(2)	hemD(3)	hisD(6)	purE(5)	sucA(5)	thrA(10)
ERR8568755_assembly.fasta	senterica_achtman_2	10	aroC(5)	dnaN(2)	hemD(3)	hisD(6)	purE(5)	sucA(5)	thrA(10)
ERR8568760_assembly.fasta	senterica_achtman_2	10	aroC(5)	dnaN(2)	hemD(3)	hisD(6)	purE(5)	sucA(5)	thrA(10)
ERR8568767_assembly.fasta	senterica_achtman_2	10	aroC(5)	dnaN(2)	hemD(3)	hisD(6)	purE(5)	sucA(5)	thrA(10)
ERR8568768_assembly.fasta	senterica_achtman_2	10	aroC(5)	dnaN(2)	hemD(3)	hisD(6)	purE(5)	sucA(5)	thrA(10)
ERR8568769_assembly.fasta	senterica_achtman_2	10	aroC(5)	dnaN(2)	hemD(3)	hisD(6)	purE(5)	sucA(5)	thrA(10)
SRR10257879_assembly.fasta	senterica_achtman_2	10	aroC(5)	dnaN(2)	hemD(3)	hisD(6)	purE(5)	sucA(5)	thrA(10)
SRR10286361_assembly.fasta	senterica_achtman_2	10	aroC(5)	dnaN(2)	hemD(3)	hisD(6)	purE(5)	sucA(5)	thrA(10)
SRR10502094_assembly.fasta	senterica_achtman_2	10	aroC(5)	dnaN(2)	hemD(3)	hisD(6)	purE(5)	sucA(5)	thrA(10)
SRR10990340_assembly.fasta	senterica_achtman_2	10	aroC(5)	dnaN(2)	hemD(3)	hisD(6)	purE(5)	sucA(5)	thrA(10)
SRR11101205_assembly.fasta	senterica_achtman_2	10	aroC(5)	dnaN(2)	hemD(3)	hisD(6)	purE(5)	sucA(5)	thrA(10)
SRR11450564_assembly.fasta	senterica_achtman_2	10	aroC(5)	dnaN(2)	hemD(3)	hisD(6)	purE(5)	sucA(5)	thrA(10)
SRR12495628_assembly.fasta	senterica_achtman_2	10	aroC(5)	dnaN(2)	hemD(3)	hisD(6)	purE(5)	sucA(5)	thrA(10)
SRR12698164_assembly.fasta	senterica_achtman_2	10	aroC(5)	dnaN(2)	hemD(3)	hisD(6)	purE(5)	sucA(5)	thrA(10)
SRR12698170_assembly.fasta	senterica_achtman_2	10	aroC(5)	dnaN(2)	hemD(3)	hisD(6)	purE(5)	sucA(5)	thrA(10)
SRR12740289_assembly.fasta	senterica_achtman_2	10	aroC(5)	dnaN(2)	hemD(3)	hisD(6)	purE(5)	sucA(5)	thrA(10)
SRR12740299_assembly.fasta	senterica_achtman_2	10	aroC(5)	dnaN(2)	hemD(3)	hisD(6)	purE(5)	sucA(5)	thrA(10)
SRR12741664_assembly.fasta	senterica_achtman_2	10	aroC(5)	dnaN(2)	hemD(3)	hisD(6)	purE(5)	sucA(5)	thrA(10)
SRR12819799_assembly.fasta	senterica_achtman_2	10	aroC(5)	dnaN(2)	hemD(3)	hisD(6)	purE(5)	sucA(5)	thrA(10)
SRR12991092_assembly.fasta	senterica_achtman_2	10	aroC(5)	dnaN(2)	hemD(3)	hisD(6)	purE(5)	sucA(5)	thrA(10)
SRR13202874_assembly.fasta	senterica_achtman_2	10	aroC(5)	dnaN(2)	hemD(3)	hisD(6)	purE(5)	sucA(5)	thrA(10)
SRR13202959_assembly.fasta	senterica_achtman_2	10	aroC(5)	dnaN(2)	hemD(3)	hisD(6)	purE(5)	sucA(5)	thrA(10)
SRR13202982_assembly.fasta	senterica_achtman_2	10	aroC(5)	dnaN(2)	hemD(3)	hisD(6)	purE(5)	sucA(5)	thrA(10)
SRR13202984_assembly.fasta	senterica_achtman_2	10	aroC(5)	dnaN(2)	hemD(3)	hisD(6)	purE(5)	sucA(5)	thrA(10)
SRR13238717_assembly.fasta	senterica_achtman_2	10	aroC(5)	dnaN(2)	hemD(3)	hisD(6)	purE(5)	sucA(5)	thrA(10)
SRR13482631_assembly.fasta	senterica_achtman_2	10	aroC(5)	dnaN(2)	hemD(3)	hisD(6)	purE(5)	sucA(5)	thrA(10)
SRR13643361_assembly.fasta	senterica_achtman_2	10	aroC(5)	dnaN(2)	hemD(3)	hisD(6)	purE(5)	sucA(5)	thrA(10)
SRR13686438_assembly.fasta	senterica_achtman_2	10	aroC(5)	dnaN(2)	hemD(3)	hisD(6)	purE(5)	sucA(5)	thrA(10)
SRR14345228_assembly.fasta	senterica_achtman_2	10	aroC(5)	dnaN(2)	hemD(3)	hisD(6)	purE(5)	sucA(5)	thrA(10)
SRR14707920_assembly.fasta	senterica_achtman_2	10	aroC(5)	dnaN(2)	hemD(3)	hisD(6)	purE(5)	sucA(5)	thrA(10)
SRR15051715_assembly.fasta	senterica_achtman_2	10	aroC(5)	dnaN(2)	hemD(3)	hisD(6)	purE(5)	sucA(5)	thrA(10)
SRR15051720_assembly.fasta	senterica_achtman_2	10	aroC(5)	dnaN(2)	hemD(3)	hisD(6)	purE(5)	sucA(5)	thrA(10)
SRR15053930_assembly.fasta	senterica_achtman_2	10	aroC(5)	dnaN(2)	hemD(3)	hisD(6)	purE(5)	sucA(5)	thrA(10)
SRR15146531_assembly.fasta	senterica_achtman_2	10	aroC(5)	dnaN(2)	hemD(3)	hisD(6)	purE(5)	sucA(5)	thrA(10)
SRR15853658_assembly.fasta	senterica_achtman_2	10	aroC(5)	dnaN(2)	hemD(3)	hisD(6)	purE(5)	sucA(5)	thrA(10)
SRR16089886_assembly.fasta	senterica_achtman_2	10	aroC(5)	dnaN(2)	hemD(3)	hisD(6)	purE(5)	sucA(5)	thrA(10)
SRR16774935_assembly.fasta	senterica_achtman_2	10	aroC(5)	dnaN(2)	hemD(3)	hisD(6)	purE(5)	sucA(5)	thrA(10)
SRR16821738_assembly.fasta	senterica_achtman_2	10	aroC(5)	dnaN(2)	hemD(3)	hisD(6)	purE(5)	sucA(5)	thrA(10)
SRR17143607_assembly.fasta	senterica_achtman_2	10	aroC(5)	dnaN(2)	hemD(3)	hisD(6)	purE(5)	sucA(5)	thrA(10)
SRR17249614_assembly.fasta	senterica_achtman_2	10	aroC(5)	dnaN(2)	hemD(3)	hisD(6)	purE(5)	sucA(5)	thrA(10)
SRR17518181_assembly.fasta	senterica_achtman_2	10	aroC(5)	dnaN(2)	hemD(3)	hisD(6)	purE(5)	sucA(5)	thrA(10)
SRR17518186_assembly.fasta	senterica_achtman_2	10	aroC(5)	dnaN(2)	hemD(3)	hisD(6)	purE(5)	sucA(5)	thrA(10)
SRR17660648_assembly.fasta	senterica_achtman_2	10	aroC(5)	dnaN(2)	hemD(3)	hisD(6)	purE(5)	sucA(5)	thrA(10)
SRR17696761_assembly.fasta	senterica_achtman_2	10	aroC(5)	dnaN(2)	hemD(3)	hisD(6)	purE(5)	sucA(5)	thrA(10)
SRR17773990_assembly.fasta	senterica_achtman_2	10	aroC(5)	dnaN(2)	hemD(3)	hisD(6)	purE(5)	sucA(5)	thrA(10)
SRR18101285_assembly.fasta	senterica_achtman_2	10	aroC(5)	dnaN(2)	hemD(3)	hisD(6)	purE(5)	sucA(5)	thrA(10)
SRR18233382_assembly.fasta	senterica_achtman_2	10	aroC(5)	dnaN(2)	hemD(3)	hisD(6)	purE(5)	sucA(5)	thrA(10)
SRR18686617_assembly.fasta	senterica_achtman_2	10	aroC(5)	dnaN(2)	hemD(3)	hisD(6)	purE(5)	sucA(5)	thrA(10)
SRR19067400_assembly.fasta	senterica_achtman_2	10	aroC(5)	dnaN(2)	hemD(3)	hisD(6)	purE(5)	sucA(5)	thrA(10)
SRR19087284_assembly.fasta	senterica_achtman_2	10	aroC(5)	dnaN(2)	hemD(3)	hisD(6)	purE(5)	sucA(5)	thrA(10)
SRR19397124_assembly.fasta	senterica_achtman_2	10	aroC(5)	dnaN(2)	hemD(3)	hisD(6)	purE(5)	sucA(5)	thrA(10)
SRR20110353_assembly.fasta	senterica_achtman_2	10	aroC(5)	dnaN(2)	hemD(3)	hisD(6)	purE(5)	sucA(5)	thrA(10)
SRR20423196_assembly.fasta	senterica_achtman_2	10	aroC(5)	dnaN(2)	hemD(3)	hisD(6)	purE(5)	sucA(5)	thrA(10)
SRR21594963_assembly.fasta	senterica_achtman_2	10	aroC(5)	dnaN(2)	hemD(3)	hisD(6)	purE(5)	sucA(5)	thrA(10)
SRR22284366_assembly.fasta	senterica_achtman_2	10	aroC(5)	dnaN(2)	hemD(3)	hisD(6)	purE(5)	sucA(5)	thrA(10)
SRR23043675_assembly.fasta	senterica_achtman_2	10	aroC(5)	dnaN(2)	hemD(3)	hisD(6)	purE(5)	sucA(5)	thrA(10)
SRR23043684_assembly.fasta	senterica_achtman_2	10	aroC(5)	dnaN(2)	hemD(3)	hisD(6)	purE(5)	sucA(5)	thrA(10)
SRR23756333_assembly.fasta	senterica_achtman_2	10	aroC(5)	dnaN(2)	hemD(3)	hisD(6)	purE(5)	sucA(5)	thrA(10)
SRR23756483_assembly.fasta	senterica_achtman_2	10	aroC(5)	dnaN(2)	hemD(3)	hisD(6)	purE(5)	sucA(5)	thrA(10)
SRR23756495_assembly.fasta	senterica_achtman_2	10	aroC(5)	dnaN(2)	hemD(3)	hisD(6)	purE(5)	sucA(5)	thrA(10)
SRR23756632_assembly.fasta	senterica_achtman_2	10	aroC(5)	dnaN(2)	hemD(3)	hisD(6)	purE(5)	sucA(5)	thrA(10)
SRR23756640_assembly.fasta	senterica_achtman_2	1552	aroC(419)	dnaN(2)	hemD(3)	hisD(6)	purE(5)	sucA(5)	thrA(10)
SRR23756668_assembly.fasta	senterica_achtman_2	10	aroC(5)	dnaN(2)	hemD(3)	hisD(6)	purE(5)	sucA(5)	thrA(10)
SRR24807656_assembly.fasta	senterica_achtman_2	10	aroC(5)	dnaN(2)	hemD(3)	hisD(6)	purE(5)	sucA(5)	thrA(10)
SRR25161109_assembly.fasta	senterica_achtman_2	10	aroC(5)	dnaN(2)	hemD(3)	hisD(6)	purE(5)	sucA(5)	thrA(10)
SRR25926991_assembly.fasta	senterica_achtman_2	10	aroC(5)	dnaN(2)	hemD(3)	hisD(6)	purE(5)	sucA(5)	thrA(10)
SRR26453221_assembly.fasta	senterica_achtman_2	10	aroC(5)	dnaN(2)	hemD(3)	hisD(6)	purE(5)	sucA(5)	thrA(10)
SRR26453224_assembly.fasta	senterica_achtman_2	10	aroC(5)	dnaN(2)	hemD(3)	hisD(6)	purE(5)	sucA(5)	thrA(10)
SRR26453262_assembly.fasta	senterica_achtman_2	10	aroC(5)	dnaN(2)	hemD(3)	hisD(6)	purE(5)	sucA(5)	thrA(10)
SRR26453291_assembly.fasta	senterica_achtman_2	10	aroC(5)	dnaN(2)	hemD(3)	hisD(6)	purE(5)	sucA(5)	thrA(10)
SRR26453305_assembly.fasta	senterica_achtman_2	10	aroC(5)	dnaN(2)	hemD(3)	hisD(6)	purE(5)	sucA(5)	thrA(10)
SRR26825704_assembly.fasta	senterica_achtman_2	10	aroC(5)	dnaN(2)	hemD(3)	hisD(6)	purE(5)	sucA(5)	thrA(10)
SRR26825705_assembly.fasta	senterica_achtman_2	10	aroC(5)	dnaN(2)	hemD(3)	hisD(6)	purE(5)	sucA(5)	thrA(10)
SRR26825713_assembly.fasta	senterica_achtman_2	10	aroC(5)	dnaN(2)	hemD(3)	hisD(6)	purE(5)	sucA(5)	thrA(10)
SRR26825714_assembly.fasta	senterica_achtman_2	10	aroC(5)	dnaN(2)	hemD(3)	hisD(6)	purE(5)	sucA(5)	thrA(10)
SRR26826506_assembly.fasta	senterica_achtman_2	10	aroC(5)	dnaN(2)	hemD(3)	hisD(6)	purE(5)	sucA(5)	thrA(10)
SRR26904504_assembly.fasta	senterica_achtman_2	10	aroC(5)	dnaN(2)	hemD(3)	hisD(6)	purE(5)	sucA(5)	thrA(10)
SRR26904505_assembly.fasta	senterica_achtman_2	10	aroC(5)	dnaN(2)	hemD(3)	hisD(6)	purE(5)	sucA(5)	thrA(10)
SRR27708424_assembly.fasta	senterica_achtman_2	10	aroC(5)	dnaN(2)	hemD(3)	hisD(6)	purE(5)	sucA(5)	thrA(10)
SRR27714940_assembly.fasta	senterica_achtman_2	10	aroC(5)	dnaN(2)	hemD(3)	hisD(6)	purE(5)	sucA(5)	thrA(10)
SRR27714941_assembly.fasta	senterica_achtman_2	10	aroC(5)	dnaN(2)	hemD(3)	hisD(6)	purE(5)	sucA(5)	thrA(10)
SRR27714943_assembly.fasta	senterica_achtman_2	10	aroC(5)	dnaN(2)	hemD(3)	hisD(6)	purE(5)	sucA(5)	thrA(10)
SRR27779120_assembly.fasta	senterica_achtman_2	10	aroC(5)	dnaN(2)	hemD(3)	hisD(6)	purE(5)	sucA(5)	thrA(10)
SRR28098922_assembly.fasta	senterica_achtman_2	10	aroC(5)	dnaN(2)	hemD(3)	hisD(6)	purE(5)	sucA(5)	thrA(10)
SRR28098931_assembly.fasta	senterica_achtman_2	10	aroC(5)	dnaN(2)	hemD(3)	hisD(6)	purE(5)	sucA(5)	thrA(10)
SRR28160454_assembly.fasta	senterica_achtman_2	10	aroC(5)	dnaN(2)	hemD(3)	hisD(6)	purE(5)	sucA(5)	thrA(10)
SRR28323407_assembly.fasta	senterica_achtman_2	10	aroC(5)	dnaN(2)	hemD(3)	hisD(6)	purE(5)	sucA(5)	thrA(10)
SRR29045873_assembly.fasta	senterica_achtman_2	10	aroC(5)	dnaN(2)	hemD(3)	hisD(6)	purE(5)	sucA(5)	thrA(10)
SRR29046295_assembly.fasta	senterica_achtman_2	10	aroC(5)	dnaN(2)	hemD(3)	hisD(6)	purE(5)	sucA(5)	thrA(10)
SRR29047886_assembly.fasta	senterica_achtman_2	10	aroC(5)	dnaN(2)	hemD(3)	hisD(6)	purE(5)	sucA(5)	thrA(10)
SRR29047899_assembly.fasta	senterica_achtman_2	10	aroC(5)	dnaN(2)	hemD(3)	hisD(6)	purE(5)	sucA(5)	thrA(10)
SRR29091945_assembly.fasta	senterica_achtman_2	10	aroC(5)	dnaN(2)	hemD(3)	hisD(6)	purE(5)	sucA(5)	thrA(10)
SRR29369522_assembly.fasta	senterica_achtman_2	10	aroC(5)	dnaN(2)	hemD(3)	hisD(6)	purE(5)	sucA(5)	thrA(10)
SRR29369532_assembly.fasta	senterica_achtman_2	10	aroC(5)	dnaN(2)	hemD(3)	hisD(6)	purE(5)	sucA(5)	thrA(10)
SRR29425127_assembly.fasta	senterica_achtman_2	10	aroC(5)	dnaN(2)	hemD(3)	hisD(6)	purE(5)	sucA(5)	thrA(10)
SRR29481989_assembly.fasta	senterica_achtman_2	10	aroC(5)	dnaN(2)	hemD(3)	hisD(6)	purE(5)	sucA(5)	thrA(10)
SRR29752489_assembly.fasta	senterica_achtman_2	10	aroC(5)	dnaN(2)	hemD(3)	hisD(6)	purE(5)	sucA(5)	thrA(10)
SRR29752490_assembly.fasta	senterica_achtman_2	10	aroC(5)	dnaN(2)	hemD(3)	hisD(6)	purE(5)	sucA(5)	thrA(10)
SRR29752491_assembly.fasta	senterica_achtman_2	10	aroC(5)	dnaN(2)	hemD(3)	hisD(6)	purE(5)	sucA(5)	thrA(10)
SRR29752492_assembly.fasta	senterica_achtman_2	10	aroC(5)	dnaN(2)	hemD(3)	hisD(6)	purE(5)	sucA(5)	thrA(10)
SRR29752493_assembly.fasta	senterica_achtman_2	10	aroC(5)	dnaN(2)	hemD(3)	hisD(6)	purE(5)	sucA(5)	thrA(10)
SRR29752494_assembly.fasta	senterica_achtman_2	10	aroC(5)	dnaN(2)	hemD(3)	hisD(6)	purE(5)	sucA(5)	thrA(10)
SRR29752495_assembly.fasta	senterica_achtman_2	10	aroC(5)	dnaN(2)	hemD(3)	hisD(6)	purE(5)	sucA(5)	thrA(10)
SRR30477736_assembly.fasta	senterica_achtman_2	10	aroC(5)	dnaN(2)	hemD(3)	hisD(6)	purE(5)	sucA(5)	thrA(10)
SRR30477737_assembly.fasta	senterica_achtman_2	3734	aroC(5)	dnaN(2)	hemD(3)	hisD(6)	purE(5)	sucA(671)	thrA(10)
SRR30477738_assembly.fasta	senterica_achtman_2	4030	aroC(5)	dnaN(2)	hemD(612)	hisD(6)	purE(5)	sucA(5)	thrA(10)
SRR30477739_assembly.fasta	senterica_achtman_2	10	aroC(5)	dnaN(2)	hemD(3)	hisD(6)	purE(5)	sucA(5)	thrA(10)
SRR30477740_assembly.fasta	senterica_achtman_2	10	aroC(5)	dnaN(2)	hemD(3)	hisD(6)	purE(5)	sucA(5)	thrA(10)
SRR30477741_assembly.fasta	senterica_achtman_2	10	aroC(5)	dnaN(2)	hemD(3)	hisD(6)	purE(5)	sucA(5)	thrA(10)
SRR30477742_assembly.fasta	senterica_achtman_2	10	aroC(5)	dnaN(2)	hemD(3)	hisD(6)	purE(5)	sucA(5)	thrA(10)
SRR30477743_assembly.fasta	senterica_achtman_2	10	aroC(5)	dnaN(2)	hemD(3)	hisD(6)	purE(5)	sucA(5)	thrA(10)
SRR30477744_assembly.fasta	senterica_achtman_2	10	aroC(5)	dnaN(2)	hemD(3)	hisD(6)	purE(5)	sucA(5)	thrA(10)
SRR30477745_assembly.fasta	senterica_achtman_2	-	aroC(5)	dnaN(2)	hemD(3)	hisD(~6)	purE(5)	sucA(5)	thrA(10)
SRR30477746_assembly.fasta	senterica_achtman_2	10	aroC(5)	dnaN(2)	hemD(3)	hisD(6)	purE(5)	sucA(5)	thrA(10)
SRR30477747_assembly.fasta	senterica_achtman_2	10	aroC(5)	dnaN(2)	hemD(3)	hisD(6)	purE(5)	sucA(5)	thrA(10)
SRR31203041_assembly.fasta	senterica_achtman_2	10	aroC(5)	dnaN(2)	hemD(3)	hisD(6)	purE(5)	sucA(5)	thrA(10)
SRR31203074_assembly.fasta	senterica_achtman_2	10	aroC(5)	dnaN(2)	hemD(3)	hisD(6)	purE(5)	sucA(5)	thrA(10)
SRR31203080_assembly.fasta	senterica_achtman_2	10	aroC(5)	dnaN(2)	hemD(3)	hisD(6)	purE(5)	sucA(5)	thrA(10)
SRR31507111_assembly.fasta	senterica_achtman_2	10	aroC(5)	dnaN(2)	hemD(3)	hisD(6)	purE(5)	sucA(5)	thrA(10)
SRR31886003_assembly.fasta	senterica_achtman_2	10	aroC(5)	dnaN(2)	hemD(3)	hisD(6)	purE(5)	sucA(5)	thrA(10)
SRR31886040_assembly.fasta	senterica_achtman_2	10	aroC(5)	dnaN(2)	hemD(3)	hisD(6)	purE(5)	sucA(5)	thrA(10)
SRR32701819_assembly.fasta	senterica_achtman_2	10	aroC(5)	dnaN(2)	hemD(3)	hisD(6)	purE(5)	sucA(5)	thrA(10)
SRR32701820_assembly.fasta	senterica_achtman_2	10	aroC(5)	dnaN(2)	hemD(3)	hisD(6)	purE(5)	sucA(5)	thrA(10)
SRR32701822_assembly.fasta	senterica_achtman_2	10	aroC(5)	dnaN(2)	hemD(3)	hisD(6)	purE(5)	sucA(5)	thrA(10)
SRR32701823_assembly.fasta	senterica_achtman_2	10	aroC(5)	dnaN(2)	hemD(3)	hisD(6)	purE(5)	sucA(5)	thrA(10)
SRR32701824_assembly.fasta	senterica_achtman_2	10	aroC(5)	dnaN(2)	hemD(3)	hisD(6)	purE(5)	sucA(5)	thrA(10)
SRR32701853_assembly.fasta	senterica_achtman_2	10	aroC(5)	dnaN(2)	hemD(3)	hisD(6)	purE(5)	sucA(5)	thrA(10)
SRR33745401_assembly.fasta	senterica_achtman_2	10	aroC(5)	dnaN(2)	hemD(3)	hisD(6)	purE(5)	sucA(5)	thrA(10)
SRR33745402_assembly.fasta	senterica_achtman_2	10	aroC(5)	dnaN(2)	hemD(3)	hisD(6)	purE(5)	sucA(5)	thrA(10)
SRR33745403_assembly.fasta	senterica_achtman_2	10	aroC(5)	dnaN(2)	hemD(3)	hisD(6)	purE(5)	sucA(5)	thrA(10)
SRR33745404_assembly.fasta	senterica_achtman_2	-	aroC(5)	dnaN(2)	hemD(3)	hisD(6)	purE(-)	sucA(671)	thrA(10)
SRR33745405_assembly.fasta	senterica_achtman_2	3734	aroC(5)	dnaN(2)	hemD(3)	hisD(6)	purE(5)	sucA(671)	thrA(10)
SRR33745406_assembly.fasta	senterica_achtman_2	10	aroC(5)	dnaN(2)	hemD(3)	hisD(6)	purE(5)	sucA(5)	thrA(10)
SRR33745407_assembly.fasta	senterica_achtman_2	10	aroC(5)	dnaN(2)	hemD(3)	hisD(6)	purE(5)	sucA(5)	thrA(10)
SRR33745408_assembly.fasta	senterica_achtman_2	10	aroC(5)	dnaN(2)	hemD(3)	hisD(6)	purE(5)	sucA(5)	thrA(10)
SRR33916996_assembly.fasta	senterica_achtman_2	10	aroC(5)	dnaN(2)	hemD(3)	hisD(6)	purE(5)	sucA(5)	thrA(10)
SRR33917023_assembly.fasta	senterica_achtman_2	10	aroC(5)	dnaN(2)	hemD(3)	hisD(6)	purE(5)	sucA(5)	thrA(10)
SRR33917025_assembly.fasta	senterica_achtman_2	10	aroC(5)	dnaN(2)	hemD(3)	hisD(6)	purE(5)	sucA(5)	thrA(10)
SRR33917028_assembly.fasta	senterica_achtman_2	10	aroC(5)	dnaN(2)	hemD(3)	hisD(6)	purE(5)	sucA(5)	thrA(10)
SRR7962276_assembly.fasta	senterica_achtman_2	-	aroC(5)	dnaN(2)	hemD(3)	hisD(6)	purE(5)	sucA(5)	thrA(-)
SRR8333783_assembly.fasta	senterica_achtman_2	10	aroC(5)	dnaN(2)	hemD(3)	hisD(6)	purE(5)	sucA(5)	thrA(10)
SRR8767040_assembly.fasta	senterica_achtman_2	10	aroC(5)	dnaN(2)	hemD(3)	hisD(6)	purE(5)	sucA(5)	thrA(10)
SRR8952510_assembly.fasta	senterica_achtman_2	10	aroC(5)	dnaN(2)	hemD(3)	hisD(6)	purE(5)	sucA(5)	thrA(10)
SRR9016858_assembly.fasta	senterica_achtman_2	10	aroC(5)	dnaN(2)	hemD(3)	hisD(6)	purE(5)	sucA(5)	thrA(10)
SRR9016861_assembly.fasta	senterica_achtman_2	10	aroC(5)	dnaN(2)	hemD(3)	hisD(6)	purE(5)	sucA(5)	thrA(10)
